{"cameraMode":{"drawMode":0,"name":"Shaded","section":"Shading Mode"},"sceneLighting":true,"audioPlay":false,"sceneViewState":{"m_AlwaysRefresh":false,"showFog":true,"showSkybox":true,"showFlares":true,"showImageEffects":true,"showParticleSystems":true,"showVisualEffectGraphs":true,"m_FxEnabled":true},"in2DMode":false,"pivot":{"x":2.9600000381469728,"y":0.8799999952316284,"z":5.285219192504883},"rotation":{"x":-0.016936851665377618,"y":0.9719212055206299,"z":-0.22276538610458375,"w":-0.07389625906944275},"size":1.2169514894485474,"orthographic":false}