{"cameraMode":{"drawMode":0,"name":"Shaded","section":"Shading Mode"},"sceneLighting":true,"audioPlay":false,"sceneViewState":{"m_AlwaysRefresh":false,"showFog":true,"showSkybox":true,"showFlares":true,"showImageEffects":true,"showParticleSystems":true,"showVisualEffectGraphs":true,"m_FxEnabled":true},"in2DMode":false,"pivot":{"x":4.558314323425293,"y":-1.7634916305541993,"z":10.263672828674317},"rotation":{"x":0.21883320808410645,"y":0.1627344936132431,"z":-0.03704185038805008,"w":0.9613851308822632},"size":4.516951560974121,"orthographic":false}