{"cameraMode":{"drawMode":0,"name":"Shaded","section":"Shading Mode"},"sceneLighting":true,"audioPlay":false,"sceneViewState":{"m_AlwaysRefresh":false,"showFog":true,"showSkybox":true,"showFlares":true,"showImageEffects":true,"showParticleSystems":true,"showVisualEffectGraphs":true,"m_FxEnabled":true},"in2DMode":false,"pivot":{"x":7.886348724365234,"y":-2.3316969871520998,"z":-4.320307731628418},"rotation":{"x":-0.0038496432825922968,"y":0.9846040606498718,"z":-0.17338567972183228,"w":-0.021860875189304353},"size":7.792138576507568,"orthographic":false}